"","PC1","PC2","Label"
"A_1",-1.27637638594636,-0.952821138928195,"A_1"
"A_2",-0.536068646477724,1.44733069373317,"A_2"
"A_3",0.509527536066975,1.8757588788118,"A_3"
"A_9",-1.52968038211076,-1.89854778918781,"A_9"
"A_13",0.594229979082757,1.77255703876357,"A_13"
"A_14",-0.395688607221108,-0.691795092781081,"A_14"
"A_17",-0.331345087573752,2.36613005887113,"A_17"
"A_25",1.08735580025539,2.3947460834544,"A_25"
"A_26",-0.951931791448126,2.20078199855073,"A_26"
"A_29",-1.28111599687019,1.54989264402563,"A_29"
"A_31",-1.60260349256709,3.58787477494175,"A_31"
"A_33",-0.258977715296788,2.6018938811275,"A_33"
"A_34",-0.284059249642372,1.73483777877171,"A_34"
"A_36",-2.87413556783482,-0.5819481848958,"A_36"
"A_37",0.515625017073067,2.66229498409952,"A_37"
"A_40",-0.795229079091709,2.20853346784138,"A_40"
"A_42",-1.24744172659534,2.23462603886534,"A_42"
"A_46",-0.259381114820957,0.262559022256858,"A_46"
"A_47",-1.67654160664292,3.3994489829548,"A_47"
"A_48",-0.600604150206371,2.8987998083,"A_48"
"A_49",-4.19376368221637,4.0542842732056,"A_49"
"A_50",-0.28751057537979,1.95294936526409,"A_50"
"A_51",-0.978500241667088,1.41681419855548,"A_51"
"A_53",-0.970202824907143,1.51466283504185,"A_53"
"A_63",-1.17854612249158,1.29176984534364,"A_63"
"A_65",-3.21904537484484,2.78134159982709,"A_65"
"A_66",1.37923059871729,0.499613285702703,"A_66"
"A_71",0.654270611433833,1.83028033968665,"A_71"
"A_73",0.925458183295821,-0.778884770373674,"A_73"
"A_77",-1.37928260708861,1.46926280925666,"A_77"
"A_78",-0.527693616950702,0.336551649975013,"A_78"
"A_81",-0.49323832798387,1.79770159877198,"A_81"
"A_83",-1.13869369083445,1.76427435591715,"A_83"
"A_90",-1.26567851722174,-0.444672349592091,"A_90"
"A_94",-0.922974558258068,3.18313422426676,"A_94"
"A_95",-1.21434318408291,1.94893530849774,"A_95"
"A_96",-2.08640317447053,2.04880555704645,"A_96"
"A_100",0.684390617402539,1.81845164848679,"A_100"
"A_101",-0.826184317600005,2.3296656331058,"A_101"
"A_103",-0.0576896867438783,1.7365951957973,"A_103"
"A_105",1.49447270825582,0.565587446786432,"A_105"
"A_107",-1.00768759066718,-0.562372826938053,"A_107"
"A_108",0.984863311873141,0.285393956148896,"A_108"
"A_111",0.852627692930465,0.589597189200158,"A_111"
"A_113",-0.473916338089321,0.804374000610496,"A_113"
"A_114",0.693859975116477,-0.140144536571729,"A_114"
"A_119",1.92391925633392,-0.183026512589542,"A_119"
"A_120",0.953666607043066,1.34447900594154,"A_120"
"A_123",2.09531122514209,0.682980262455807,"A_123"
"A_126",0.73171205715231,3.43238717092628,"A_126"
"A_129",-0.149033323836281,2.25335244675496,"A_129"
"A_133",0.9179769802832,-1.3278762490744,"A_133"
"A_138",-0.911237479661198,-0.0544201153605603,"A_138"
"A_140",-0.507548887767053,2.75379997850097,"A_140"
"A_141",0.556182561041558,-1.16081650499896,"A_141"
"A_142",0.160645620325281,2.00374764413969,"A_142"
"A_143",-1.27816260354946,1.3580538293639,"A_143"
"A_144",-0.540471497164776,2.63062507613431,"A_144"
"A_146",-0.288107265233377,-0.456957551269473,"A_146"
"A_149",-0.278684713193168,1.65337863622894,"A_149"
"A_150",1.43411966471667,0.413673481629117,"A_150"
"A_151",1.55605937864988,-0.413795302916687,"A_151"
"A_154",-0.911365870983226,-2.14475487404312,"A_154"
"A_163",-0.723852556244879,0.971774901734229,"A_163"
"A_164",-0.365208862680032,-3.97920934227208,"A_164"
"A_166",-0.160097371888132,-1.84966643834713,"A_166"
"A_167",1.08465303495525,-1.10135330667217,"A_167"
"A_169",1.19994249075471,-1.63593908665882,"A_169"
"A_170",-0.00928820851240827,0.862460352491934,"A_170"
"A_171",0.617455987168233,-1.03329841089681,"A_171"
"A_173",1.77775959844489,-1.29129943933281,"A_173"
"A_174",0.830260631848738,-2.4783190767058,"A_174"
"A_175",0.413132182471535,-2.34524898121062,"A_175"
"A_178",1.22158857242414,-2.61377010610851,"A_178"
"A_186",0.036829959623395,1.84353290220313,"A_186"
"A_188",-1.6083375295298,0.329472059185275,"A_188"
"A_189",1.30212678303904,-1.85794905466919,"A_189"
"A_194",-0.502603471677334,-0.218587000072034,"A_194"
"A_195",-1.06022851478044,-1.02568181285009,"A_195"
"A_196",1.95741491905169,-0.308145553753004,"A_196"
"A_198",2.13868026641325,1.10080828903611,"A_198"
"A_205",2.74269563047244,-1.14056680149966,"A_205"
"A_207",1.9026555775817,-1.32025755802631,"A_207"
"A_208",-0.210537968939013,1.46262675495105,"A_208"
"A_209",-0.861334021723246,-1.34856175913606,"A_209"
"A_211",1.9533862276759,0.00489934372811705,"A_211"
"A_212",0.259795152758022,0.392562441845954,"A_212"
"A_213",-0.293191069471773,-0.414048987139947,"A_213"
"A_214",2.27984552373109,-3.45426339769116,"A_214"
"A_215",0.496475842668678,3.33840513127998,"A_215"
"A_222",1.65816535297995,2.51403611520029,"A_222"
"A_223",0.00746293805390136,-1.65231672296447,"A_223"
"A_224",0.856038721537175,2.82592716542741,"A_224"
"A_235",1.15112523877401,0.0144142462386221,"A_235"
"A_237",0.863909816626783,-1.48803043353999,"A_237"
"A_238",0.678910621767168,-1.35286202791387,"A_238"
"A_239",-0.274593929908396,-0.0216864696754598,"A_239"
"A_240",1.94564545536875,0.469727274420345,"A_240"
"A_242",0.105957051139183,0.660159857402235,"A_242"
"A_243",1.71402349234687,-2.84171297580959,"A_243"
"A_244",2.12340445338088,2.35970626108825,"A_244"
"A_248",0.914369629972254,2.89632309568213,"A_248"
"A_259",1.06582898821658,0.271463414267567,"A_259"
"A_261",-0.377212061592535,-1.21180965648029,"A_261"
"A_268",-0.586679170293211,0.780319562675767,"A_268"
"A_270",-0.351054941807646,2.4256597624331,"A_270"
"A_271",0.0160931901979934,2.6083606006437,"A_271"
"A_275",2.01011133042138,2.6864623618844,"A_275"
"A_291",1.11031169981278,0.793184585584971,"A_291"
"A_294",0.00541847746913715,-0.584702241888297,"A_294"
"A_300",-0.403043460318651,-0.907050991401346,"A_300"
"A_310",-1.2535981225849,0.461026152581887,"A_310"
"A_315",0.0822491842497036,0.974323221760366,"A_315"
"A_316",-0.863987294541824,0.399007691815031,"A_316"
"A_325",-0.452233515954202,-0.280134793616827,"A_325"
"A_330",1.51552619577805,-1.08927971952276,"A_330"
"A_334",2.78298378049857,-5.76529015557751,"A_334"
"A_335",1.53841376775964,0.274330301032207,"A_335"
"A_336",2.54540728042284,-1.01736756132922,"A_336"
"A_343",2.11553950656919,-0.812669095955007,"A_343"
"A_349",-0.454155462024933,1.52217497275513,"A_349"
"A_361",0.696152621312192,1.54564770533701,"A_361"
"A_363",-0.31840918402417,0.840213998810647,"A_363"
"A_364",0.11930115325402,0.660254096451154,"A_364"
"A_373",1.03366934930223,0.96608399374671,"A_373"
"A_380",-1.71161717520837,0.549101249361176,"A_380"
"A_382",-0.312249252543088,1.09162686228645,"A_382"
"A_383",-2.02425818217299,1.3363267435048,"A_383"
"A_391",-0.754935161679308,0.195676683453557,"A_391"
"A_393",-2.07260030827593,1.29812785397586,"A_393"
"A_395",-0.144983300007905,3.99762197100241,"A_395"
"A_397",-0.608609928404204,1.95499394829738,"A_397"
"A_403",1.63672908812158,2.43314994177794,"A_403"
"A_404",0.997214171509719,0.271186949921643,"A_404"
"A_411",2.37146489763474,-2.71048452622955,"A_411"
"A_414",-1.88921272954363,0.783316496206789,"A_414"
"A_426",0.830576906840789,-1.49952983916008,"A_426"
"A_429",1.15444165746308,-0.988743122788511,"A_429"
"A_432",0.438942574906872,0.432473732645033,"A_432"
"A_433",0.130568780641164,2.46816381058373,"A_433"
"A_437",1.45208309227749,-3.20355580959829,"A_437"
"A_438",1.43817444467634,-0.893228217455167,"A_438"
"A_442",2.26435320444848,-1.47491955729231,"A_442"
"A_444",-2.13254055582761,2.74237379674038,"A_444"
"A_447",1.40010313295186,0.629290441497861,"A_447"
"A_456",1.38028371022834,0.173908840629918,"A_456"
"A_460",1.68929329549954,-2.53329340156533,"A_460"
"A_464",1.37872211959305,0.669166980147709,"A_464"
"A_465",1.11730694059278,-0.599684067147667,"A_465"
"A_472",-1.70515600552606,-0.463731590834229,"A_472"
"A_473",2.26948995577041,-0.127266676786057,"A_473"
"A_477",0.693978292962511,1.32494093325992,"A_477"
"A_478",-1.69985443285021,-3.09763391294633,"A_478"
"A_479",1.87783625452857,1.05409648616399,"A_479"
"A_480",1.30767125854812,2.10955788848752,"A_480"
"A_485",1.28289397072904,-0.159960249061092,"A_485"
"A_486",0.853023677313265,1.40239170638377,"A_486"
"A_488",0.7304511349409,-1.54261481304994,"A_488"
"A_492",2.40655001693062,-1.05897104766802,"A_492"
"A_493",-0.0748869629156989,-1.58603393091006,"A_493"
"A_494",-0.62721249181857,0.157749567030551,"A_494"
"A_496",2.06629423142906,1.20876007726649,"A_496"
"A_500",0.996798381320087,-0.140603004351689,"A_500"
"A_501",0.121126600745968,2.55685363224685,"A_501"
"A_505",2.30041278610289,-2.88502840306513,"A_505"
"A_506",0.0131749170917378,-0.105896682464638,"A_506"
"A_507",2.12014180144236,0.826903370365695,"A_507"
"A_511",-1.5088800661914,2.03109189936613,"A_511"
"A_517",0.00859022670209372,4.01077912435463,"A_517"
"A_518",-0.768953345427171,2.97235008533984,"A_518"
"A_519",0.493632720364758,0.591370758191511,"A_519"
"A_521",-4.28955471129858,6.55481971205072,"A_521"
"A_522",3.22846552281,0.240113177015734,"A_522"
"A_524",0.0770759151636002,0.857899234472347,"A_524"
"A_525",-1.20438094829717,-0.97816611157855,"A_525"
"A_527",2.11365766464139,-0.0937370358801888,"A_527"
"A_529",3.65511438400644,-2.93338176039716,"A_529"
"A_532",-0.275992514797539,-1.30850160436578,"A_532"
"A_533",0.925070184928248,-2.68601722182721,"A_533"
"A_534",1.36003280405739,-2.43508676696784,"A_534"
"A_536",2.31367894658505,-0.214845209638442,"A_536"
"A_537",1.46088411046514,-0.124684057597214,"A_537"
"A_538",-2.52710722482624,-0.912693996124934,"A_538"
"A_547",-0.432467869516659,0.655557496883288,"A_547"
"A_551",-1.1923496093879,-0.125926052290906,"A_551"
"A_552",0.392948048221565,1.82206547271231,"A_552"
"A_554",1.05194981439472,-1.47122588648536,"A_554"
"A_555",-1.85802995043567,4.08387180991204,"A_555"
"A_562",-0.360816411761914,-0.176752792775906,"A_562"
"A_565",-0.556321039539254,2.22823709489877,"A_565"
"A_568",1.16017697588599,2.3760610190196,"A_568"
"A_569",-1.53239858089841,0.838766635152546,"A_569"
"A_570",-0.621109619086595,0.385969887130517,"A_570"
"A_573",-1.23349172154535,-1.23953083980392,"A_573"
"A_574",0.242038963128908,-1.5659819523931,"A_574"
"A_576",2.70313139099633,-1.9620721024936,"A_576"
"A_580",1.15395369683102,1.75959228893415,"A_580"
"A_582",0.381342633801796,-1.04152863384534,"A_582"
"A_583",-0.0214562339389153,1.756129997441,"A_583"
"A_592",-0.300117473604342,-0.847514214299073,"A_592"
"A_593",-1.32995509521168,0.846785593285223,"A_593"
"A_598",1.73211635917321,-1.18615570361549,"A_598"
"A_600",1.27387484253498,1.491040583998,"A_600"
"A_601",2.20325531093046,0.581024325482531,"A_601"
"A_604",0.824111965700365,2.73451092122322,"A_604"
"A_608",0.497918678070729,2.86282870202274,"A_608"
"A_612",0.0560586344362495,1.34952921674127,"A_612"
"A_615",1.39184128801506,-1.47132702084794,"A_615"
"A_616",-0.416168117856525,1.12306597186107,"A_616"
"A_620",2.66321080121355,-0.157695560729164,"A_620"
"A_629",1.68628370203308,-3.04883149703666,"A_629"
"A_631",0.924434690580353,0.199954450770638,"A_631"
"A_632",2.02365400837124,1.44173091091249,"A_632"
"A_634",1.33830259385121,-0.662612504535665,"A_634"
"A_638",0.366193549899302,1.64284135152523,"A_638"
"A_640",-1.40565546146649,0.286227887843105,"A_640"
"A_643",2.3648267543598,0.0319422427482312,"A_643"
"A_646",0.395038932171382,1.99995134471788,"A_646"
"A_647",-0.476463479314141,-0.271759015185649,"A_647"
"A_648",-0.429516300697187,0.535749364704815,"A_648"
"A_656",-0.746896875244345,1.50177451618746,"A_656"
"A_657",0.363198762433231,0.953154805455217,"A_657"
"A_658",-0.248473666789108,2.19805334891619,"A_658"
"A_659",-0.420939576153705,1.9482736924382,"A_659"
"A_660",0.352700853314869,1.10120736078019,"A_660"
"A_661",-0.767643423075388,1.12110252685471,"A_661"
"A_662",2.7352366521924,1.47050013173014,"A_662"
"A_663",3.22176884727777,-2.5976894204542,"A_663"
"A_664",2.33967084216208,-1.06514743708862,"A_664"
"A_665",2.73725125718176,-0.366259279834575,"A_665"
"A_666",2.65157159826961,-1.50150051655602,"A_666"
"A_667",1.89685798851683,-1.4701843958017,"A_667"
"A_673",1.17954216811861,0.34316926564999,"A_673"
"A_677",-0.326517389335571,1.98628533749243,"A_677"
"A_683",0.44683009362879,-0.480439242830213,"A_683"
"A_687",-0.73164441533334,0.878107336937375,"A_687"
"A_688",0.669982620667024,0.512872118996779,"A_688"
"A_689",0.693175645268772,0.186925452215504,"A_689"
"A_695",-0.354651678874371,0.131340780257548,"A_695"
"A_697",2.4976525110316,-1.27285119434961,"A_697"
"A_698",2.31870287441362,-3.24277103452624,"A_698"
"A_700",-0.132521851023381,-1.9545098816402,"A_700"
"A_704",-3.21641165056387,-1.82945081729054,"A_704"
"A_705",-0.805311353034231,1.64277693901913,"A_705"
"A_706",1.44998153618946,-1.75295567073518,"A_706"
"A_707",1.8497540661224,-0.682331364093055,"A_707"
"A_708",1.35440904428821,2.96690336587108,"A_708"
"A_709",0.310781198283323,0.265977132340554,"A_709"
"A_714",0.257173565866853,-1.14101594182405,"A_714"
"A_715",-0.52424206758814,0.728030858431656,"A_715"
"A_716",-0.722320659240256,1.79068845848369,"A_716"
"A_718",-0.586365933692994,3.75868422666844,"A_718"
"A_721",1.14090654943769,0.956103561307733,"A_721"
"A_722",-0.481332306465547,1.47165445576558,"A_722"
"A_725",1.63239810204037,-3.19266588815753,"A_725"
"A_728",-0.731265489707403,-0.595597895030407,"A_728"
"A_729",0.706041035418349,0.936763635845042,"A_729"
"A_732",-0.0679380309494153,2.2903932724221,"A_732"
"A_733",1.32198958067983,1.40128101569893,"A_733"
"A_736",2.2091443039238,0.877829107572978,"A_736"
"A_740",1.04084846946583,-0.837032351949284,"A_740"
"A_741",1.3372425532306,-0.422021544139566,"A_741"
"A_743",2.14069776438567,-1.93763857914241,"A_743"
"A_744",-0.17465855678115,-0.270266680438469,"A_744"
"A_745",2.25177393187919,-2.74748256677278,"A_745"
"A_746",0.821000815269769,1.51250084389717,"A_746"
"A_748",1.46024705614512,1.94995269043477,"A_748"
"A_750",1.16153813585031,1.04392218770411,"A_750"
"A_751",-0.459040075976303,-2.63689243757031,"A_751"
"A_753",1.28742641300027,1.2743195785093,"A_753"
"A_754",0.812334122679233,-1.57458160126688,"A_754"
"A_756",1.74800118836006,-3.03746652138568,"A_756"
"A_758",0.408513697102678,0.144197825519973,"A_758"
"A_760",1.21233900873394,0.897383395290269,"A_760"
"A_761",-0.463553397574909,0.319880126576189,"A_761"
"A_762",1.83932715887395,-0.0685579948882138,"A_762"
"A_763",0.492770273969743,1.10286229845647,"A_763"
"A_764",-0.454684143378105,2.47340854326499,"A_764"
"A_765",0.77462556213351,-0.52817735432697,"A_765"
"A_766",1.73319948983053,0.298588024147298,"A_766"
"A_767",1.41690406897995,-0.244536486222444,"A_767"
"A_768",1.53282522922863,0.507612299493258,"A_768"
"A_769",1.62589799099659,-1.04867018525013,"A_769"
"A_770",0.651070567933494,0.975623982220294,"A_770"
"A_772",1.58217516508968,0.354060932082128,"A_772"
"A_773",0.864139819551401,-0.733161689630685,"A_773"
"A_774",2.41700923859374,1.69185998737907,"A_774"
"A_776",0.284034271300136,0.410730661126669,"A_776"
"A_780",1.46469265138626,-1.24767077569479,"A_780"
"A_783",0.35831068068271,0.348725605295305,"A_783"
"A_785",1.18333109673632,0.362901200447643,"A_785"
"A_787",1.83615661289888,-2.55013168105542,"A_787"
"A_790",1.88176523902758,-2.27840622989231,"A_790"
"A_791",1.0621768807725,-0.484685266824031,"A_791"
"A_792",2.82248378130929,0.810747534338948,"A_792"
"A_794",1.46437137241296,-1.75604749459716,"A_794"
"A_795",0.306944534435492,1.99512482839571,"A_795"
"A_796",1.32736340452894,-0.315435752136389,"A_796"
"A_799",2.45185851559831,-1.62632288148195,"A_799"
"A_801",1.69410815453488,-1.70556500902887,"A_801"
"A_802",0.141501569416781,1.14139246643201,"A_802"
"A_803",0.9636572791573,-0.160671803049921,"A_803"
"A_805",2.25466077456326,0.684171753011448,"A_805"
"A_810",0.394236172612701,-0.989836760831228,"A_810"
"A_813",0.451908297578836,1.58349033792863,"A_813"
"A_816",0.948791639321652,1.1153775864145,"A_816"
"A_817",1.80235224869839,2.91106501717447,"A_817"
"A_819",2.76106302308766,-0.69909657781901,"A_819"
"A_820",-0.153322423576329,2.62378144968441,"A_820"
"A_822",0.241267234515932,1.70788235120441,"A_822"
"A_823",0.0937858356878304,0.395492404626747,"A_823"
"A_824",0.496556106085176,0.167899297092449,"A_824"
"A_825",1.01477016294609,1.68518397818134,"A_825"
"A_826",1.574020023955,0.865802223382064,"A_826"
"A_827",1.40705802552283,0.0759905217981752,"A_827"
"A_828",2.82627849922334,-2.86034725100401,"A_828"
"A_829",2.425614717428,-0.0383955249004582,"A_829"
"A_830",2.34088868275388,-0.39470995047277,"A_830"
"A_831",1.65308232164371,1.28209961635661,"A_831"
"A_833",2.9082529600693,1.19822586479777,"A_833"
"A_834",-1.79843602357317,-1.45682406678368,"A_834"
"A_835",0.0607546647052206,1.09923324448061,"A_835"
"A_839",-1.02088827245887,0.768233523970577,"A_839"
"A_841",0.297561343640944,0.0804412908184418,"A_841"
"A_842",0.32805616115214,-0.0864966624526196,"A_842"
"A_843",1.4794406632519,-0.809513159055377,"A_843"
"A_847",1.38711938139271,1.11234999865475,"A_847"
"A_848",1.51770347329516,-0.254200557130693,"A_848"
"A_849",-0.956376326408505,1.57497530119298,"A_849"
"A_850",-1.31945691828723,4.26063379887376,"A_850"
"A_851",0.308886116765515,2.70312065228685,"A_851"
"A_852",-0.33268015609053,1.78651605677918,"A_852"
"A_853",0.729002102148995,0.377064339230316,"A_853"
"A_856",1.2519024660799,0.773488678503422,"A_856"
"A_857",0.610318171386571,1.71688434841963,"A_857"
"A_858",0.410890819100299,0.594093216402845,"A_858"
"A_860",0.844237874803069,0.242103584425117,"A_860"
"A_861",0.575851392169337,0.914328893224527,"A_861"
"A_862",-0.554810473885436,-1.04012726531276,"A_862"
